{"cameraMode":{"drawMode":0,"name":"Shaded","section":"Shading Mode"},"sceneLighting":false,"audioPlay":false,"sceneViewState":{"m_AlwaysRefresh":false,"showFog":true,"showSkybox":false,"showFlares":true,"showImageEffects":true,"showParticleSystems":true,"showVisualEffectGraphs":true,"m_FxEnabled":true},"in2DMode":false,"pivot":{"x":1.186845064163208,"y":1.6891038417816163,"z":0.0007088687270879746},"rotation":{"x":0.036341357976198199,"y":0.8420726656913757,"z":-0.05718882754445076,"w":0.535123348236084},"size":0.7853697538375855,"orthographic":false}