{"cameraMode":{"drawMode":0,"name":"Shaded","section":"Shading Mode"},"sceneLighting":false,"audioPlay":false,"sceneViewState":{"m_AlwaysRefresh":false,"showFog":true,"showSkybox":false,"showFlares":true,"showImageEffects":true,"showParticleSystems":true,"showVisualEffectGraphs":true,"m_FxEnabled":true},"in2DMode":false,"pivot":{"x":10.718999862670899,"y":1.8420000076293946,"z":0.6060000658035278},"rotation":{"x":0.0795183926820755,"y":0.6951016783714294,"z":-0.07717419415712357,"w":0.7106663584709168},"size":0.8948202729225159,"orthographic":false}