{"cameraMode":{"drawMode":0,"name":"Shaded","section":"Shading Mode"},"sceneLighting":false,"audioPlay":false,"sceneViewState":{"m_AlwaysRefresh":false,"showFog":true,"showSkybox":false,"showFlares":true,"showImageEffects":true,"showParticleSystems":true,"showVisualEffectGraphs":true,"m_FxEnabled":true},"in2DMode":false,"pivot":{"x":0.07518158853054047,"y":1.6820000410079957,"z":2.5490000247955324},"rotation":{"x":0.3404988944530487,"y":0.017359651625156404,"z":-0.0057555558159947399,"w":0.9403263330459595},"size":0.866025447845459,"orthographic":false}